集團名稱,count
2352  明基友達集團,27
6241  台鋼集團,19
2317  鴻海集團,18
1605  華新麗華集團,15
1301  台塑集團,10
1907  永豐餘集團,9
1402  遠東集團,9
1504  東元電機集團,9
1216  統一集團,8
2915  潤泰集團,8
2412  中華電信集團,8
2603  長榮集團,8
2303  聯電集團,8
2357  華碩集團,8
2353  宏碁集團,8
2002  中鋼集團,7
1229  聯華神通集團,7
1316A 啟航投資集團,7
5483B 中美晶集團,7
6404  涂俊光家族,7
2312  金仁寶集團,7
1444  力麗集團,6
2905  三商行集團,6
2388  威盛集團,6
2201  裕隆集團,6
4938  和碩集團,6
3231  緯創資通集團,5
2487  羅森洲集團,5
2539A 寶佳建設機構,5
2454  聯發科集團,5
Z312  嘉績企業集團,5
3260  威剛集團,5
3010  華立集團,5
2374  能率集團,5
2392  正崴集團,5
1304  台聚集團,5
9956  三立電視集團,5
2330  台積電集團,5
2379  瑞昱集團,4
4123  晟德集團,4
2349  錸德集團,4
1457  宜進集團,4
2362  群光藍天集團,4
2382  廣達集團,4
2327  國巨集團,4
1536  和大集團,4
1217  耐斯集團,3
8016  矽創,3
1503  仰德集團,3
9933  中鼎工程集團,3
5536  聖暉,3
6143  振曜科技集團,3
1440  台南幫集團,3
58DOF 三地集團,3
1521  大億企業集團,3
9925  新保,3
4128  中天生技集團,3
4105A 東洋集團,3
2319  大眾集團,3
1716  永信藥品集團,3
4104  佳醫集團,3
2027  大成鋼集團,3
4526  東台集團,3
2504  國產實業集團,3
1419  新紡集團,3
2401  凌陽集團,3
2323  中環集團,3
1235  興泰,3
2505  國揚集團,3
2301  光寶集團,3
2390  云辰集團,3
2413  環科,3
2865  國寶集團,3
6012  金鼎證券集團,3
5326  漢民科技集團,3
1720  生達集團,3
2881  富邦集團,3
6269A 華威國際集團,3
2832  領航建設集團,3
2901  退輔會集團,3
1904  正隆集團,3
2601  益航集團,3
1718  中纖集團,3
5007A 楊龍集團,3
6244  茂迪集團,3
1731  美吾華集團,3
6167  久正光電集團,3
1101  台泥集團,3
5522  遠雄集團,3
2849  宏泰集團,3
2311  日月光集團,3
2542  興富發集團,3
2467  志聖,3
2416  世平集團,3
2481  強茂集團,3
3522B 昭沁國際,3
6712  長聖,2
8383  千附集團,2
8422  吉發集團,2
8455  日本大拓,2
8936A 鴻鋌集團,2
9938  百和集團,2
1473  台南企業集團,2
8942  森鉅集團,2
6261  久元集團,2
6189  豐藝集團,2
6123  上奇,2
6190  萬泰集團,2
6121  新普,2
5903  日商伊藤忠,2
2544  益鼎集團,2
6129  普誠集團,2
1314  威京集團,2
6269  台郡集團,2
6472  保瑞藥業,2
1423  利華集團,2
6208  日揚,2
6138  茂達集團,2
6698A 趙勤孝家族,2
3136  台灣基礎集團,2
3687  茂為歐買尬,2
1537  廣隆集團,2
1608  華榮集團,2
1604  新寶集團,2
1618  嵩益集團,2
4121  優盛,2
4120  友華生醫集團,2
4114  健喬信元集團,2
4164  承業集團,2
4163C 鍾兆塤家族,2
3205  克緹集團,2
4502A 嶸毅投資,2
4562  穎漢,2
4551  智伸科,2
4130B 健亞,2
31796 漢友創投集團,2
6125  廣運集團,2
4903C 許榮唐家族,2
5278  尚凡,2
5015  華祺工業集團,2
5302  太欣集團,2
4906  正文集團,2
4746  台耀,2
1593  祺驊集團,2
1558  伸興集團,2
1459  聯發紡織集團,2
4916  事欣科,2
1530  程泰集團,2
2463  研揚集團,2
5471  松翰集團,2
5609  中菲集團,2
2542B 達麗建設,2
1520  復盛集團,2
5478  智冠集團,2
7566  新力旺國際,2
6283A 敏實集團,2
1734  杏輝集團,2
3060  銘異集團,2
2343  精業集團,2
8436A 林詠翔家族,2
4306  炎洲集團,2
6257  矽格,2
3042  晶技集團,2
4907A 福聚德集團,2
3022  威達電,2
3026  禾伸堂集團,2
3207B 蘇浩熙團隊,2
6223  旺矽集團,2
00002 富拉凱集團,2
6126  信音,2
8213  志超集團,2
2577  亞昕集團,2
5353  台林集團,2
3105A 陳進財家族,2
5425  台半集團,2
3680  家登精密集團,2
1702  南僑集團,2
6122  擎邦國際集團,2
5371  中強光電集團,2
3450  聯鈞集團,2
8081  致新,2
3533  嘉澤,2
6227A MACNICA,2
1714  和桐集團,2
9946A 名發建設集團,2
1903  士林紙業集團,2
1909  榮成集團,2
9957  義聯集團,2
1701  中化製葯集團,2
2010  春源鋼鐵集團,2
2732  六角,2
2610  中華航空集團,2
6004  元大集團,2
9151  旺旺集團,2
2897  王道銀行集團,2
2701  萬華企業集團,2
5484  慧友集團,2
1784  訊聯集團,2
3019  亞光集團,2
6222B 立軒開發,2
3017  奇鋐,2
3011A 石浩吉團隊,2
6290  良維集團,2
9904  寶成工業集團,2
5285  界霖科技,2
2430  燦坤企業集團,2
4113  聯上集團,2
24202 金士頓集團,2
2486  一詮,2
2489  瑞軒科技集團,2
2483  百容集團,2
2484  希華集團,2
2049  上銀,2
5608  慧洋四維集團,2
2520  冠德集團,2
2535  達欣企業集團,2
2472  立隆集團,2
2474  可成集團,2
2334  國豐集團,2
2103  台橡集團,2
2207  和泰集團,2
2206B 千景投資,2
2015  豐興鋼鐵集團,2
2550  德安開發集團,2
2882  霖園集團,2
2476  鉅祥集團,2
2395  研華集團,2
2451  創見集團,2
2405  浩鑫集團,2
2404  漢唐集團,2
2406  國碩集團,2
2417  圓剛集團,2
4416A 三圓集團,2
1409A 新纖集團,2
2429B 世達興實業,2
2063  世鎧集團,2
2373  震旦集團,2
2376  技嘉集團,2
2348A 海悅國際,2
2356  英業達集團,2
2308  台達電子集團,2
6147  頎邦科技,2
Z1479 日亞化集團,2
2360  致茂集團,2
5457A 立訊精密,2
2883A 凱基集團,2
2359  所羅門集團,2
1443  立益紡織集團,2
9912A 偉聯科技,1
1215  台灣卜蜂,1
1103  嘉新水泥集團,1
8482  商億家具,1
8481  政伸,1
8478  東哥,1
8472A 澳台國際,1
8467  波力環球,1
8466  美吉吉,1
9915  億豐集團,1
8462  柏文健康,1
8450  霹靂國際,1
2396  華研集團,1
8444  綠河,1
1474  弘裕,1
8938  明安集團,1
8937A 維樂車業,1
8935A 登財投資,1
8932A 鍾富瑋家族,1
M1510 國華琺瑯集團,1
1445A 建盈,1
2239  長春英利汽車,1
2236  百達精密,1
2235  謚源,1
2231  為升,1
1236  宏亞,1
1234  黑松集團,1
1233  天仁茶葉,1
1213  大飲集團,1
9960  邁達康,1
9958  世紀鋼集團,1
9955  佳龍,1
9951  皇田,1
9950  萬國通,1
9949  琉園,1
2351  順德工業,1
2345  智邦集團,1
2208  台船,1
2337  旺宏集團,1
2316  楠電集團,1
2314A 謝其嘉家族,1
2313  華通電腦,1
2305  全友集團,1
2368  金像電子,1
2365  昆盈集團,1
2364  倫飛集團,1
1337  三斯達,1
2370  恆大集團,1
1452  宏益纖維集團,1
1451  年興集團,1
1449  佳和集團,1
N0055 汎德永業集團,1
2243  宏旭模具,1
2241  艾姆勒,1
4145  繁葵,1
1341  富林塑膠,1
2425B 七彩虹,1
2423  固緯,1
1307  三芳,1
1295  生合集團,1
7418  漢田,1
1264  德麥,1
1418  東華,1
1416  廣豐實業集團,1
1414  東和紡織集團,1
1410  南洋染整集團,1
2355  敬鵬工業,1
2399  映泰,1
2393  億光集團,1
2387  精元電腦集團,1
2383  台光電集團,1
2380  虹光,1
2377  微星集團,1
2369  菱生集團,1
2428  興勤集團,1
2230  泰茂,1
2228  劍麟,1
2221  大甲,1
2067  嘉鋼,1
2066  世德工業,1
2064  晉椿,1
2302  麗正集團,1
2248  華勝汽車電子,1
2022  聚亨集團,1
2115  六暉,1
2114  鑫永銓,1
2107  厚生集團,1
2106  建大工業,1
2105  正新橡膠集團,1
2421  建準,1
2420  新巨,1
2415  錩新,1
2402  毅嘉集團,1
2458  義隆集團,1
2457  飛宏,1
3318  和光集團,1
2453  凌群電腦,1
2449  京元電子,1
2444A 兆勁集團,1
2497  怡利電,1
2496D 陳立教育集團,1
2495  普安,1
2493  揚博,1
2442  新美齊,1
2440A 紅帥工業,1
2439  美律實業,1
2438B 承濬投資,1
2436  偉詮電集團,1
2480  敦陽科,1
2478  大毅,1
2477  美隆電,1
1340  F-勝悅,1
1339  昭輝實業,1
1338  廣華,1
2024A 大盛國際集團,1
2061  風青,1
2059  川湖,1
2038  海光,1
2035  唐榮,1
2034  允強,1
2033  佳大,1
2031  新光鋼,1
2540B 甲山林,1
2538  基泰集團,1
2465A 大訊科技集團,1
2464  盟立,1
2461  光群雷集團,1
2460  建通,1
2459  敦吉,1
2509  全坤集團,1
8453  柳逸義家族,1
2491A 羅福助集團,1
2488  漢平,1
2485  兆赫,1
2482  連宇,1
2596  綠意,1
2548  華固,1
2547  日勝生集團,1
2545  皇翔建設,1
2543  皇昌,1
2073  雄順集團,1
2070  精湛,1
2069  運錩,1
1809  中釉,1
1806  冠軍集團,1
1805B 璞園建設機構,1
2062  橋椿,1
1742B 遠進,1
2008  高興昌,1
2006  東和鋼鐵集團,1
1817  凱撒衛,1
2723  85度C,1
2536  宏普集團,1
2524  京城集團,1
2516  新建,1
6295  台灣大車隊,1
2636  台驊,1
2634  漢翔,1
2633  台灣高鐵,1
X0197 台翔航太工業,1
2617  台航,1
9801  東森集團,1
2613  大同通運集團,1
9912  中航偉聯集團,1
2609  陽明集團,1
2608A 港商嘉里集團,1
2605  新興,1
2734  易飛網,1
2731  雄獅,1
2729  瓦城泰統,1
2727A 王品陳正輝,1
2726  雅茗天地,1
2724B 立信機構,1
2030  彰源,1
2029  淀川製鋼,1
2028  威致集團,1
1773  勝一,1
1760  寶齡,1
1752  南光,1
Z1266 國票台票集團,1
2887  台新金控集團,1
2886  兆豐金控集團,1
2884  玉山銀集團,1
2707  晶華集團,1
2705  六福開發,1
2702  華園飯店,1
2643  捷迅,1
2641  正德海運,1
2834  臺企銀,1
2801  彰銀,1
2762  世界健身-KY,1
2756  聯發餐飲,1
2755  超秦集團,1
2754  亞洲藏壽司,1
2753  八方雲集,1
3002  歐格,1
2949  欣新網集團,1
2948  寶陞國際,1
2947  振宇五金,1
2941  米斯特,1
3085B 鄭博文補習班,1
2937  集雅社,1
2752  豆府,1
2745  五福,1
2743  山富旅遊,1
2739  寒舍,1
2736  高野,1
2908  特力集團,1
2304  誠洲集團,1
2892  第一金控集團,1
2891  中信集團,1
1717  長興化工,1
1802  台玻集團,1
1796  金穎生技,1
1795B 泰國國家石油,1
1786  科妍,1
1785A 光洋科經理團隊,1
3021A 裕展投資,1
3018B 許鑒隆家族,1
2880  華南金控集團,1
2852  第一保集團,1
2849A 隆力PE Fund,1
2838  聯邦集團,1
2836A 高雄銀,1
3008  大立光,1
3006  晶豪科集團,1
3003  健和興集團,1
3036  文曄集團,1
2929  淘帝,1
8958  誠品集團,1
2924A 宏福實業集團,1
2916  滿心,1
2911  麗嬰房集團,1
2910  統領集團,1
3029  零壹,1
3028  增你強,1
3025  星通集團,1
3024  憶聲集團,1
3023  信邦集團,1
99802 寶利徠光學,1
1810  和成集團,1
1722A 台肥,1
1721  三晃集團,1
3090  日電貿集團,1
3086B 網銀國際,1
3078  僑威集團,1
3071A 康勛,1
3067A 台耀科技,1
3066  李洲集團,1
3015  全漢,1
3013  晟銘電,1
3055A 駿躍投資,1
3052  夆典集團,1
3051  力特,1
3048  益登,1
3044  健鼎集團,1
3043  科風,1
3040A 森羅投資,1
3038  全台集團,1
3152  璟德,1
3147  大綜電腦,1
3141  晶宏,1
3138  耀登,1
3135A 盛耘投資,1
3131  弘塑科技,1
3130  一零四,1
3128  昇銳,1
3122  笙泉科技,1
3034  何泰舜團隊,1
3033  威健集團,1
3031  佰鴻,1
3030  德律,1
3094  聯傑,1
3093  港建,1
3092  鴻碩,1
1612  宏泰電工,1
1611B 亞洲世界電通,1
1609  大亞電纜集團,1
1737  臺鹽,1
1736  喬山,1
1735A 日商愛克,1
1733  五鼎,1
1732  毛寶,1
1730  花仙子,1
3191B 雲嘉南,1
3188A 鑫龍騰,1
3178  公準,1
3059A 華晶科,1
3058  立德,1
3057  喬鼎,1
3056A 總太,1
2894  大慶集團,1
3055  蔚華科集團,1
3226A 龍鋒集團,1
3118  進階生物,1
24644 天逸系統,1
3095  及成企業集團,1
3218  大學光,1
3217  優群科,1
3211  順達科,1
3209  全科,1
3206A 富泰營造,1
3313A 農生企業,1
1781  合世,1
1776  展宇,1
1615  大山,1
1614  三洋電機,1
3290A 松茂投資,1
3289  宜特,1
3288  點晶科技,1
3287  廣寰科,1
3285  微端,1
3167  大量,1
3164B 陳根德家族,1
1507B 永鍊,1
3268  海德威,1
1242  新東陽集團,1
3264  欣銓科技集團,1
3259  鑫創,1
3252A 海灣建設,1
3236  千如,1
3232  昱捷,1
3230  錦明,1
3356  奇偶,1
3354  律勝,1
3349  寶德,1
3346  麗清,1
3332  幸康,1
3325A 蕭奕彰家族,1
3324  雙鴻,1
3224A 貝德比修投資,1
3221  台嘉碩,1
3308  聯德電子,1
3305  昇貿集團,1
3303  岱稜,1
3297  杭特,1
3296  勝德,1
3294  英濟,1
3293  鈊象,1
3444  利機,1
3441  聯一光集團,1
3434  哲固,1
3432  台端興業,1
3430  奇鈦科技,1
3419A 鄒宓富家族,1
3416  融程電,1
3406  玉晶光,1
3402  漢科,1
3284B 泰嘉開發,1
3272  東碩,1
3040  周至元家族,1
3363A 上詮,1
6281A 林忠和家族,1
3360  尚立,1
3357  西北臺慶科技,1
3512A 陳慶飛家族,1
3508  位速集團,1
3499A 鄭賢隆家族,1
3498  陽程,1
3494  誠研,1
3492  長盛,1
3491  昇達科技集團,1
3490  單井,1
3489A 森聯機構,1
3484  崧騰,1
3483  力致,1
3323  加百裕,1
3322  建舜電,1
3317  尼克森,1
3465A 恩典設計,1
3455  由田新技,1
1589  永冠,1
1587  吉茂精密,1
1582  信錦,1
1580  新麥,1
1712A 興農經理團隊,1
1711  永光化學,1
1709  信興工業集團,1
1708  東鹼集團,1
1707  葡萄王,1
1626  艾美,1
3527  聚積,1
3526  凡甲,1
3523  迎輝集團,1
3388  崇越電集團,1
3376  新日興,1
3516  亞帝歐,1
3551  世禾,1
3550  聯穎科技,1
3479  安勤,1
3467A 賀士郡家族,1
3466A 恒盈泰資本,1
3543  州巧,1
3541  西柏科技,1
3540  曜越,1
3537  堡達,1
3535  晶彩科技,1
3530  晶相光,1
3529  力旺,1
1727  中華化,1
1726  永記,1
1725  元禎企業集團,1
1590  Airtac,1
3609A 東及開發集團,1
3607  谷崧精密,1
3605  宏致,1
3597  映興電子,1
3520B 永鼎投資,1
3518A 駿東國際投資,1
3587  閎康,1
3583  辛耘企業,1
3580  友威科,1
3577  泓格,1
3576A 聯合再生集團,1
3570  日商大塚商會,1
3567  逸昌科技,1
3563  牧德,1
3557A 數位解決方案,1
3552  同致,1
3685A 江凱量家族,1
3684  榮昌,1
3679  新至陞,1
3673  TPK集團,1
2586  春虹建設,1
3548  兆利,1
3546  宇峻,1
3545  敦泰集團,1
3646  艾恩特,1
3645  達邁,1
3632  研勤集團,1
3631  晟楠,1
3630A 丘鈦科技,1
3625  西勝國際,1
3624A 風華高新科技,1
3617  碩天科技,1
1533  車王電集團,1
1532  勤美集團,1
1531  高林,1
1603  華電,1
1599  宏佳騰,1
1598  岱宇,1
1597  直得科技,1
6251  定穎,1
3713  新晶投控集團,1
3594  磐儀,1
3591  艾笛森,1
3588  通嘉,1
2391  合勤集團,1
3693  營邦企業,1
3689  湧德電子,1
3686  達能,1
4142  國光生,1
4139  馬光,1
4133  亞諾法生技,1
3665  貿聯,1
3661  世芯,1
3653  健策,1
4129  聯合,1
4127  天良集團,1
4111  濟生化學,1
1230  聯成食品集團,1
4106  雃博,1
1617  榮星電線工業,1
1616  億泰,1
1540  喬福集團,1
1539  巨庭,1
1538B 安誠國際投資,1
4406  新昕纖維,1
4402A 郡都集團,1
4401  東隆興,1
4305  世坤塑膠,1
4304B 國瑞開發,1
4207  環泰,1
4205  恆義,1
5491  連展,1
4733  上緯,1
4175  杏一,1
4171  瑞基海洋,1
4168  信標生技集團,1
4161  聿新科,1
4155  訊映,1
3085A 璞石資本集團,1
4148  全宇生技,1
4530  宏易集團,1
4529A 港商中南集團,1
4528  江興鍛,1
4527  方土霖,1
4513A 清景麟,1
4506  崇友集團,1
25730 興亞營造,1
4442  竣邦-KY,1
4717  天泰集團,1
4438A 吳朝筆家族,1
4429  聚紡集團,1
4430  耀億工業,1
4426  利勤,1
4417  金洲,1
4414A 偉豪投資集團,1
4413B 林資益家族,1
4558  寶緯工業,1
4557  永新,1
4556  旭然國際,1
4555  台灣氣立,1
4554  橙的,1
4552  力達-KY,1
4549  桓達,1
4543  萬壽鋁業,1
4542  科嶠,1
4190  佐登妮絲,1
4183  福永生技,1
4538  大詠城,1
4536  拓凱,1
4535  至興精機,1
4534A 慶璉實業,1
4533  協易機,1
4702A 大陸金鷹商貿,1
4609  唐鋒實業,1
4588  玖鼎電力集團,1
4584  君帆集團,1
4583  精銳集團,1
1578  光隆股,1
4580  捷流閥業,1
3241  大船企業,1
4572  駐龍,1
4571  鈞興機電,1
4568  科際精密,1
4441  振大集團,1
4439  冠星-KY,1
4563  百德,1
4561  健椿,1
4560  強信-KY,1
1516A 庭楊,1
1515  力山企業集團,1
1514  亞力,1
1513  中興電工集團,1
1569  濱川,1
1568  倉佑,1
1565  精華,1
1563A 永銘投資,1
4735  豪展集團,1
4728A 林園婚旅機構,1
4722  國精化,1
4541  晟田科技,1
4540  全球傳動,1
1586A 格林山派,1
4711  永純化學,1
4706  大恭,1
4566A 時碩黃家,1
4564  元翎,1
4760  勤凱科技,1
4755  三福化工,1
4754A 立熠投資,1
6695  詹文雄家族,1
1797  合富集團,1
2358B 廷鑫金屬,1
4741  泓瀚,1
4739  康普材料,1
4737  華廣,1
4736  泰博,1
1595  川寶,1
1591C 微影半導體,1
1519  華城集團,1
1517  利奇,1
4935  茂林光電,1
4931A 新盛力集團,1
4721  美琪瑪,1
4720  德淵集團,1
3313  斐成集團,1
2336  致伸集團,1
4912  聯德控股,1
4911  德英,1
4909  新復興集團,1
4907D 富宇建設,1
4807  日成,1
4771  望隼集團,1
4770  上品綜合,1
4768  晶呈科技,1
4767  誠泰科技,1
4766A 廣榮投資,1
4979A 誼虹科技,1
4977  眾達,1
4976  佳凌,1
4764  雙鍵,1
4763  大自然,1
4971  IET,1
4968  立積,1
4967  十銓,1
4966  譜瑞,1
4960B 宋妍儀團隊,1
4951  精拓科,1
4949  有成,1
4946  紅心集團,1
4943  康控,1
4942  嘉彰,1
4939  亞電,1
5215  科嘉,1
5212  凌網,1
5211  蒙恬,1
4927  泰鼎國際,1
4924  欣厚,1
5205B 高承本家族,1
5203  訊連,1
5201A 王崇旭家族,1
5016  松和,1
5014  建錩,1
5013  強新,1
4999  鑫禾集團,1
4995  晶達集團,1
25619 欣隆建設,1
1704A KKR集團,1
4987  科誠,1
5284  經寶,1
5283  禾聯碩,1
5274  信驊,1
5272A 笙科電子,1
4973  廣穎,1
4972  湯石照明,1
5251  天鉞電,1
5245  智晶,1
5244  弘凱,1
5230  雷笛克,1
5228  鈺鎧科技,1
5227  F-立凱,1
9102  東亞科集團,1
5223  F-安力,1
5222A 張全生家族,1
5220  萬達光電,1
5386  青雲,1
5355  佳總集團,1
5351  鈺創集團,1
5340A 日東紡績,1
5321A 藤美資本,1
5315A 葉秋芳家族,1
5312  寶島光學集團,1
Z3381 聚合發建設,1
5306A 全仕通實業,1
5301A 寶得利國際,1
5299  杰力,1
5292  華懋科技,1
5291  邑昇,1
5289  宜鼎國際,1
5288  豐祥,1
5287  數字,1
5493  三聯集團,1
5490  同亨,1
5488  松普,1
5487A 通泰,1
5481B 芝麻街美語,1
5475  德宏,1
5474A 同德集團,1
5464  霖宏,1
5460  同協,1
5263  智崴,1
5258  虹堡,1
14811 南良集團,1
5439  高技,1
5434  崇越,1
5426  振發,1
5388  中磊集團,1
1467  南緯集團,1
1466B 周文東家族,1
1465  偉全,1
1464  得力集團,1
1456A 元邦建設,1
1445  大宇台富集團,1
1453  大將,1
1527  鑽全,1
5521  工信工程集團,1
5520  力泰,1
5519  隆大,1
5310  天剛集團,1
5309  系統集團,1
5514A 東台開發,1
5511  德昌,1
5508  永信建設集團,1
5604  中連貨運,1
5452  佶優,1
5548  安倉集團,1
5546  永固集團,1
5543B 莊宏偉團隊,1
20907 東徽企業集團,1
5534  長虹建設,1
5533  皇鼎,1
5531  鄉林建設,1
8378  龍巖集團,1
5525  順天建設,1
25776 豐邑機構,1
1560  中砂集團,1
1541  錩泰,1
1471  首利集團,1
1468  昶和,1
6113  亞矽,1
6108  競國,1
5516  雙喜營造,1
5515  建國工程,1
6026  福邦證集團,1
6021A 亞洲價值資本,1
6020  大展證券,1
6016  康和證券集團,1
6015B 宏遠證券,1
5904  寶雅,1
5880  合庫金控集團,1
28952 上海銀,1
5871  中租集團,1
5706  鳳凰,1
6172  互助營造集團,1
5703  亞都麗緻旅館,1
6150  撼訊,1
M1181 見龍集團,1
6146  耕興,1
6141  柏承,1
6140  訊達,1
6139  亞翔,1
5603  陸海,1
5601  臺聯貨櫃,1
6133  金橋,1
6130C 星寶電子,1
6128  上福,1
5321  九德集團,1
P1215 偉仲企業集團,1
6117  迎廣,1
6115  鎰勝集團,1
6114B 基澤投資,1
6182  合晶集團,1
6180  橘子,1
6179A 亞通利大能源,1
6176  瑞儀,1
25743 大城建設集團,1
6170  統振,1
6165B 浪凡,1
2434A 光大企業,1
6101C 寬魚國際,1
6160  欣技,1
6158  禾昌,1
6156A 松上,1
6155  鈞寶,1
6154  順發,1
6152  百一集團,1
6151  晉倫,1
6207  雷科,1
6206  飛捷,1
6205  詮欣集團,1
6204A 星鑫有限合夥,1
6203  海韻電,1
6202  盛群,1
6201  亞弘電,1
6199A 天品國際,1
6197  佳必琪,1
6195A 怡家國際,1
6136  富爾特,1
6187  萬潤,1
6186A 新潤建設機構,1
6185  幃翔,1
6184  大豐集團,1
6183  關貿,1
6233  旺玖,1
6270  倍微集團,1
6230A 日本電產集團,1
6229  研通,1
6228  三德飯店集團,1
6226  光鼎,1
6225B 安誠投資,1
6224  聚鼎,1
6220  岳豐,1
6219A 寶鉅投資,1
6218  豪勉集團,1
6164  華興,1
6163  華電網,1
6215  和椿,1
6210  慶生,1
6209  今國光集團,1
1441  大東紡織集團,1
1437  勤益,1
2559  華友聯集團,1
1435A 力大資本,1
X0348 三功投資集團,1
1477  聚陽,1
1476  儒鴻集團,1
1475A 千旺集團,1
9902  台火集團,1
9802  鈺齊,1
8996  高力,1
6194  育富,1
6192  巨路,1
6237  驊訊,1
6236B 精湛建設,1
6234  高僑,1
6242B 生春堂製藥,1
6217  中國探針,1
6216  居易,1
6277  宏正科集團,1
6276A 明珠投資,1
6275  元山,1
6274  台燿集團,1
6272  驊陞,1
6270B 倍利投資,1
9910  豐泰企業,1
62NBI 巴巴事業,1
9905  大華金屬,1
1526  日馳,1
1524  耿鼎,1
1231  聯華食品,1
25691 麗寶集團,1
6279  胡連,1
6278  台表科,1
8941  關中,1
8940  新天地,1
1324  地球,1
1323  永裕,1
1321  大洋集團,1
1319  東陽事業集團,1
1315  達新,1
6266  泰詠集團,1
6265  方土昶,1
6264B 甲上林,1
6263  普萊德,1
3036A 新曄科技,1
6246A 景旺國際,1
6245  立端集團,1
6284  鈺邦集團,1
6446  藥華藥,1
6443  元晶太陽,1
6442  光聖,1
6438B 王年清團隊,1
6432  今展,1
6426  統新,1
6425  易發,1
6419  京晨科,1
6415  F-矽力,1
6411A 晶焱,1
6409  旭隼,1
6405  悅城,1
6294A 志光補教,1
6292  迅德集團,1
6281  全國電,1
6523  達爾膚,1
6515  穎崴,1
6512  啟發電,1
6509A 聚合國際,1
6508  惠光,1
6506  雙邦,1
6504  南六,1
6499  益安生醫,1
6496  科懋,1
6492A 定利開發,1
6485  點序科技,1
6482  弘煜科技,1
6477  安集科技,1
6474  華豫寧,1
6470  宇智,1
6469  大樹醫藥,1
6590  普鴻,1
6589  台康生技,1
6585  鼎基,1
6584  南俊國際,1
6578A 國歡企業,1
6576  逸達,1
6574  霈方,1
6573  虹揚電子,1
6570  維田,1
6560  欣普羅集團,1
3388A 勝品電通,1
6632  向上國際,1
6538  倉和,1
6532  瑞耘,1
6531  愛普,1
6530  創威,1
6641  川源中國機械,1
6637  醫影,1
6629  泰金集團,1
6625  相信音樂,1
6624  萬年清,1
6617  共信醫藥,1
6616  特昇家具,1
6615  禾馨醫療,1
6612  奈米醫材,1
6609  日本瀧澤鐵工,1
6606  建德集團,1
6605  帝寶,1
6603  富強鑫,1
6598  瑞磁生技,1
6596  寬宏藝術,1
6591  動力科技,1
6679  鈺太科技,1
6672A 騰輝電子,1
6671  三能食品器具,1
6668  中揚光,1
6667  信紘科,1
6666  羅麗芬,1
6664  群翊,1
6662  樂斯科,1
6661  威健生技,1
6658  聯策,1
6657A 崇裕投資,1
6655  科定,1
6654  天正國際,1
6651  全宇昕,1
6643  丹星科技,1
6642  富致科技,1
6739  竹陞科技,1
6730  常廣集團,1
6728  上洋產業,1
6727  亞泰金屬集團,1
6725  矽科宏晟,1
6721  信實保全,1
6720  久昌,1
6716  應廣,1
6708  天擎,1
6706  惠特,1
6703  軒郁,1
6692  進金生能源,1
6691A 劉士源家族,1
6689  伊雲谷,1
6683  雍智科技,1
6680  鑫創電子,1
6799  來頡科技,1
6796  晉弘科技,1
6539  麗彤生醫,1
6791  虎門科技,1
6788  華景電通,1
1795  林東和家族,1
5346  力晶集團,1
6768  志強國際,1
6762  達亞集團,1
6761  穩得,1
6754  匯僑設計,1
6753  龍德造船,1
6752  叡揚資訊,1
6743  安普新集團,1
6742  澤米科技,1
6741  九易宇軒,1
6869  雲豹能源集團,1
6865  偉康科技集團,1
6862  三集瑞-KY,1
6859  伯特光集團,1
6855  數泓科技,1
6846  綠茵生技集團,1
6843  進典-新集團,1
6840  東研信超集團,1
6835  園裕企業,1
2437  旺詮,1
6831  趙廷箴家族,1
6830  泛銓科技,1
6823  濾能,1
6821  聯寶電子,1
6807  峰源-KY集團,1
6804  明係,1
6914  阜爾運通集團,1
6913  鴻呈-新集團,1
6909  創控集團,1
6906  現觀科集團,1
6903  巨漢集團,1
6902  走著瞧,1
6899  創為精密集團,1
6894  衛司特集團,1
6890  來億-KY,1
6887  寶綠特,1
6885A 宜蘊醫療集團,1
6877  鏵友益集團,1
6677  瑩碩生技,1
6874  倍力,1
6873  泓德能源集團,1
6870  騰雲-新集團,1
6971  惠民實業-新,1
6967  汎瑋材料,1
6965  中傑-KY,1
4947A 東博資本,1
6014  日盛集團,1
6957  裕慶-KY,1
6952A 國興集團,1
6944  兆聯實業,1
6937  天虹科技,1
6933  AMAX-KY,1
6931  青松健康集團,1
6925  意藍-新集團,1
6922  宸曜,1
6919  康霈集團,1
6918  愛派司生技,1
6916  華凌集團,1
7732  金興精密,1
7728  光焱科技,1
7723  築間,1
6031  韓國LINE集團,1
7721  微程式,1
7718  友鋮,1
7716  昱臺國際,1
7715  裕山,1
7714  創泓科技,1
7713  威力德生醫,1
7712  博盛半導體,1
7642  昶瑞機電,1
7584  樂意傳播,1
7556  意德士,1
3267  世訊,1
6982  大井泵浦,1
7810  捷創科技,1
7788  松川精密,1
S5068 宏華營造,1
7782  陳冠愷家族,1
7770  君曜,1
7769  鴻勁精密,1
7767  仁大資訊,1
7757  金色三麥,1
7751  竑騰,1
7750  新代,1
7749  意騰-KY,1
7744  崴寶,1
7743  金利食安,1
7738  東聯互動,1
7736  虎山,1
7734  印能科技,1
8067  志旭國際,1
8066C 來思達國際,1
8049  晶采,1
8048  首席集團,1
8045  達運,1
8044  網路家庭集團,1
8043  蜜望實集團,1
8042  金山電,1
8039  台虹,1
8038  長園科技,1
8034A 榮群,1
8028  昇陽,1
8027  鈦昇,1
8024  佑華,1
8021  尖點,1
8011  台通集團,1
8103  瀚荃,1
8102  傑霖,1
2381  華宇集團,1
8097A 常珵,1
8096  擎亞集團,1
8093A 青雲視訊,1
8092  建暐,1
8091  翔名,1
8088  品安科技,1
8087B 麗珅國際集團,1
8084A 同啟投資,1
8083  瑞穎,1
8077B 日商HIS,1
8076  伍豐集團,1
8074  鉅橡,1
8072  陞泰,1
8299  群聯集團,1
8289  泰藝電,1
8284  三竹資訊,1
8271  宇瞻,1
8234  新漢,1
8227  巨有科,1
6299  文麥集團,1
8210  勤誠集團,1
8182  加高電子,1
8176  智捷,1
8171  天宇工業,1
8150A 南茂,1
8147  正淩精密,1
8112  至上,1
8111  立碁集團,1
8105A 日商Ortus,1
8431A 花鐳哲家,1
8429  金麗,1
8426  紅木,1
8423  保綠,1
8421  旭源,1
8416  實威,1
8411  福貞,1
8410  森田,1
8409  商之器,1
2576  敏盛醫療體系,1
8401  白紗科技,1
8390  金益鼎,1
8367  建新,1
8354  冠郝,1
8349A 恒耀,1
8342  益張實業,1
8930  青鋼,1
8929  富堡集團,1
8928  鉅明,1
9963  台灣電力集團,1
8924  大田集團,1
8923  時報出版集團,1
8916  光隆實業,1
1768  欣彰天然集團,1
8906  花王集團,1
8443  阿瘦,1
8442  威宏,1
1310B 陳啟川家族,1
8438  昶昕,1
8437  大地幼教,1
8435A 林樂萍團隊,1
8433  弘帆,1
1440A 侯博義,1
9911  櫻花集團,1
9944  新麗,1
8998  練台生集團,1
9942  茂順,1
9940  信義房屋,1
9939  宏全,1
9935  慶豐富,1
9934  成霖,1
2847  大眾金融集團,1
25795 美孚建設集團,1
1256  鮮活,1
1225  茂生農經集團,1
9962  有益,1
9914  美利達集團,1
8488  吉源-KY,1
1227  佳格集團,1
1220  台榮集團,1
1219  福壽集團,1
8905  裕國集團,1
8499  台衡隆揚,1
8489  三貝德,1
9919  康那香集團,1
9921  巨大機械,1
9924  福興,1
9927  泰銘,1
1210  大成長城集團,1
1203  味王集團,1
12844 頂新國際集團,1
1110  東南水泥集團,1
1109  信大集團,1
1108  幸福水泥集團,1
